{
"0020.fsc!main": [1480087274.511383, "128 x 2", "Plot", "-", 2330], 
"1017020.fsc!main": [1480087274.548742, "128 x 2", "Plot", "-", 2317], 
"ICON-GPU!main": [1522944600.509932, "-", "-", "-", 719512], 
"ICON-GPUv1.2.3!main": [1495591443.340465, "-", "-", "-", 757738], 
"ICON-GPUv1.2.4!main": [1495610098.29357, "-", "-", "-", 757286], 
"ICON.fsc!main": [1495610098.326151, "462 x 2", "Plot", "-", 8827], 
"ICON.mrc!main": [1495610098.357556, "927 x 927", "Image", 1, 3438340], 
"ICONGPU.cu!main": [1522944185.177973, "-", "-", "-", 14527], 
"ICONGPU.cu~!main": [1522944185.197378, "-", "-", "-", 14527], 
"ICONGPU.o!main": [1522944600.523307, "-", "-", "-", 22536], 
"ICONGPU_var.cuh!main": [1522944185.22888, "26 ln", "Text", "-", 526], 
"ICON_926.fsc!main": [1495610098.446137, "462 x 2", "Plot", "-", 5781], 
"ICON_926.mrc!main": [1495610098.483885, "926 x 926", "Image", 1, 3430928], 
"ICON_927.mrc!main": [1495610363.500823, "927 x 927", "Image", 1, 3438340], 
"ICON_th128.mrc!main": [1495610514.267991, "512 x 128", "Image", 1, 263168], 
"ICONv1.8.1!main": [1495591443.454752, "-", "-", "-", 2265000], 
"IG4_927.fsc!main": [1495610363.520053, "462 x 2", "Plot", "-", 8825], 
"IG4_927.mrc!main": [1495610363.535649, "927 x 927", "Image", 1, 3438340], 
"IG4_th128.fsc!main": [1495610514.305262, "255 x 2", "Plot", "-", 2835], 
"IG4_th128.mrc!main": [1495610514.319125, "512 x 128", "Image", 1, 263168], 
"IG4_th512.fsc!main": [1495610098.516467, "255 x 2", "Plot", "-", 2828], 
"IG4_th512.mrc!main": [1495610098.532457, "512 x 512", "Image", 1, 1049600], 
"IG5_927.fsc!main": [1495610363.556003, "462 x 2", "Plot", "-", 8824], 
"IG5_927.mrc!main": [1495610363.571005, "927 x 927", "Image", 1, 3438340], 
"IG5_th128.fsc!main": [1495610514.336272, "255 x 2", "Plot", "-", 2828], 
"IG5_th128.mrc!main": [1495610514.351538, "512 x 128", "Image", 1, 263168], 
"IG5_th512.mrc!main": [1495610098.564174, "512 x 512", "Image", 1, 1049600], 
"Iteration2.cu!main": [1522944185.241448, "153 ln", "Text", "-", 5476], 
"Iteration2.cuh!main": [1522944185.253984, "5 ln", "Text", "-", 165], 
"Iteration2.cuh~!main": [1480067075.65276, "5 ln", "Text", "-", 164], 
"Iteration2.cu~!main": [1480311456.747424, "240 ln", "Text", "-", 9057], 
"Iteration2.o!main": [1522944600.537797, "-", "-", "-", 13344], 
"MainCode.cu!main": [1522944185.30092, "177 ln", "Text", "-", 6295], 
"MainCode.cuh!main": [1522944185.313485, "10 ln", "Text", "-", 377], 
"MainCode.cuh~!main": [1480067075.759353, "10 ln", "Text", "-", 376], 
"MainCode.cu~!main": [1480067075.780933, "324 ln", "Text", "-", 11736], 
"MainCode.o!main": [1522944600.55343, "-", "-", "-", 20952], 
"MainCode_crossV.cu!main": [1522944185.365311, "190 ln", "Text", "-", 6834], 
"MainCode_crossV.cuh!main": [1522944185.377794, "12 ln", "Text", "-", 569], 
"MainCode_crossV.cuh~!main": [1480067075.852614, "10 ln", "Text", "-", 390], 
"MainCode_crossV.cu~!main": [1480311456.836297, "350 ln", "Text", "-", 12733], 
"MainCode_crossV.o!main": [1522944600.56905, "-", "-", "-", 19248], 
"alpha_new2.cu!main": [1522944185.402891, "121 ln", "Text", "-", 4437], 
"alpha_new2.cuh!main": [1522944185.416609, "5 ln", "Text", "-", 108], 
"alpha_new2.cuh~!main": [1480067075.967285, "6 ln", "Text", "-", 156], 
"alpha_new2.cu~!main": [1480311456.891264, "191 ln", "Text", "-", 7145], 
"alpha_new2.o!main": [1522944600.584691, "-", "-", "-", 11320], 
"calFRC.cu!main": [1522944185.448607, "290 ln", "Text", "-", 9314], 
"calFRC.cuh!main": [1522944185.4611, "11 ln", "Text", "-", 365], 
"calFRC.cuh~!main": [1522944185.474596, "11 ln", "Text", "-", 364], 
"calFRC.cu~!main": [1522944185.496108, "293 ln", "Text", "-", 9395], 
"calFRC.o!main": [1522944600.601667, "-", "-", "-", 8808], 
"cut256.fsc!main": [1480311456.955772, "256 x 2", "Plot", "-", 4608], 
"cut512.fsc!main": [1480311456.970132, "256 x 2", "Plot", "-", 4608], 
"fftw3.h!main": [1522944185.522494, "412 ln", "Text", "-", 17900], 
"genPublish!main": [1522944185.535178, "5 x 2", "Plot", "-", 628], 
"install!main": [1522944185.562631, "17 ln", "Text", "-", 901], 
"mrcfile2.c!main": [1495610098.902505, "782 ln", "Text", "-", 13716], 
"mrcfile2.h!main": [1495610098.917336, "165 ln", "Text", "-", 3786], 
"mrcfile2.o!main": [1495610098.932278, "-", "-", "-", 10600], 
"mrcfile3.c!main": [1522944185.575495, "1166 ln", "Text", "-", 20991], 
"mrcfile3.h!main": [1522944185.588334, "168 ln", "Text", "-", 3947], 
"mrcfile3.o!main": [1522944600.617613, "-", "-", "-", 19216], 
"nufft_gpu_v8.cu!main": [1522944185.61428, "1790 ln", "Text", "-", 61904], 
"nufft_gpu_v8.cuh!main": [1522944185.627019, "245 ln", "Text", "-", 9306], 
"nufft_gpu_v8.cuh~!main": [1480067076.204945, "247 ln", "Text", "-", 9429], 
"nufft_gpu_v8.cu~!main": [1495610098.983551, "1790 ln", "Text", "-", 61904], 
"nufft_gpu_v8.o!main": [1522944600.631671, "-", "-", "-", 154000], 
"o!main": [1480311457.088628, "2069 ln", "Text", "-", 54622], 
"px2D.cu!main": [1522944185.6577, "48 ln", "Text", "-", 1019], 
"px2D.cuh!main": [1522944185.670325, "11 ln", "Text", "-", 248], 
"px2D.o!main": [1522944600.646944, "-", "-", "-", 5960], 
"reProject_NFFT.cu!main": [1522944185.695637, "42 ln", "Text", "-", 1579], 
"reProject_NFFT.cuh!main": [1522944185.708255, "6 ln", "Text", "-", 247], 
"reProject_NFFT.cuh~!main": [1480067076.401046, "6 ln", "Text", "-", 246], 
"reProject_NFFT.cu~!main": [1480067076.427618, "42 ln", "Text", "-", 1578], 
"reProject_NFFT.o!main": [1522944600.663978, "-", "-", "-", 5896], 
"readSlicePart.cu!main": [1522944185.737072, "36 ln", "Text", "-", 1104], 
"readSlicePart.cuh!main": [1522944185.749653, "3 ln", "Text", "-", 147], 
"readSlicePart.cu~!main": [1480067076.523935, "38 ln", "Text", "-", 1169], 
"readSlicePart.h!main": [1522944185.762354, "13 ln", "Text", "-", 182], 
"readSlicePart.o!main": [1522944600.679547, "-", "-", "-", 5592], 
"readSlicePart_crossV.cu!main": [1522944185.787653, "38 ln", "Text", "-", 1178], 
"readSlicePart_crossV.cuh!main": [1522944185.80029, "3 ln", "Text", "-", 168], 
"readSlicePart_crossV.o!main": [1522944600.693755, "-", "-", "-", 5640], 
"record!main": [1522944185.825748, "455 ln", "Text", "-", 12288], 
"saveMRC.cu!main": [1522944185.838358, "34 ln", "Text", "-", 831], 
"saveMRC.cuh!main": [1522944185.850934, "16 ln", "Text", "-", 304], 
"saveMRC.o!main": [1522944600.709042, "-", "-", "-", 5256], 
"saveMRC_real.cu!main": [1522944185.876244, "56 ln", "Text", "-", 1456], 
"saveMRC_real.cuh!main": [1522944185.88893, "17 ln", "Text", "-", 423], 
"saveMRC_real.cu~!main": [1480067076.693698, "46 ln", "Text", "-", 1148], 
"saveMRC_real.o!main": [1522944600.723311, "-", "-", "-", 5728], 
"t.mrc!main": [1522944600.736546, "479 x 200 x 201", "Image", 1, 77024798], 
"wbp.mrc!main": [1495610099.355003, "512 x 512", "Image", 1, 1049600], 
"weight.cu!main": [1522944185.927024, "56 ln", "Text", "-", 1534], 
"weight.cuh!main": [1522944185.939706, "10 ln", "Text", "-", 190], 
"weight.o!main": [1495591444.232448, "-", "-", "-", 6776]
}